{
  "project_info": {
    "project_number": "115291447852",
    "project_id": "dam-u4-proyecto1-18401194",
    "storage_bucket": "dam-u4-proyecto1-18401194.appspot.com"
  },
  "client": [
    {
      "client_info": {
        "mobilesdk_app_id": "1:115291447852:android:50ebdb14294baef9f2e789",
        "android_client_info": {
          "package_name": "com.example.dam_u4_proyecto1_18401194"
        }
      },
      "oauth_client": [
        {
          "client_id": "115291447852-kal3m2glhtpu1ib32p3f910ke3lic4df.apps.googleusercontent.com",
          "client_type": 3
        }
      ],
      "api_key": [
        {
          "current_key": "AIzaSyACQttXNwgCuwZMF5-_CbQW7hmd_ek647E"
        }
      ],
      "services": {
        "appinvite_service": {
          "other_platform_oauth_client": [
            {
              "client_id": "115291447852-kal3m2glhtpu1ib32p3f910ke3lic4df.apps.googleusercontent.com",
              "client_type": 3
            }
          ]
        }
      }
    }
  ],
  "configuration_version": "1"
}